1,Linda,Balf,lbalf0@symantec.com,570-49-7807
2,Olag,Angrave,oangrave1@sitemeter.com,590-72-8242
3,Alaster,Scanlon,ascanlon2@census.gov,390-97-9811
4,Dasi,Olensby,dolensby3@goo.gl,625-91-0291
5,Piper,Cargon,pcargon4@huffingtonpost.com,383-37-4373
6,Barb,Tamburo,btamburo5@pen.io,632-07-0594
7,Rockwell,Tribble,rtribble6@harvard.edu,791-49-7701
8,Koren,Sperski,ksperski7@xing.com,762-81-8138
9,Aloisia,Ingold,aingold8@toplist.cz,487-47-7455
10,Benny,Blackwood,bblackwood9@wiley.com,894-74-6358
11,De witt,Thorwarth,dthorwartha@weibo.com,124-12-3135
12,Denise,Alvares,dalvaresb@hp.com,806-56-2352
13,Trev,Lott,tlottc@nyu.edu,383-62-5535
14,Cordie,Oyley,coyleyd@a8.net,463-49-7496
15,Killy,O'Curneen,kocurneene@chron.com,569-57-2775
16,Charita,Gyenes,cgyenesf@cmu.edu,173-87-9006
17,Genni,Dudman,gdudmang@mail.ru,269-96-0878
18,Dacey,Renowden,drenowdenh@infoseek.co.jp,124-38-4073
19,Cherrita,Eusden,ceusdeni@nydailynews.com,869-58-0377
20,Arthur,Keeling,akeelingj@tumblr.com,814-20-8139
